カテゴリー,問題番号,重要度,問題,選択肢,正解,解説
定義、目的（通関業法）,54-1-1,A,通関業務とは、他人の依頼によって、関税法に基づき税関官署に対してする輸出又は輸入の申告等の手続又は行為につき、その依頼をした者の(イ)をすることをいい、通関業とは、(ロ)通関業務を行うことをいう。,"1.(イ)代行 (ロ)反復継続して
2. (イ)代行 (ロ)有償において
3. (イ)代理又は代行 (ロ)有償において
4. (イ)代理又は代行 (ロ)業として
5. (イ)代理 (ロ)反復継続して",4,"通関業務とは、他人の依頼によって、関税法に基づき税関官署に対してする輸出又は輸入の申告等の手続又は行為につき、その依頼をした者の代理又は代行をすることをいい、通関業とは、業として通関業務を行うことをいう(業2条1項1号、2号)。

通関業務には、他人の依頼によって、通関手続、不服申立て、税関官署に対する主張又は陳述の代理又は代行をすることと、他人の依頼によって通関書類を作成することが含まれるが、本問では通関手続の一つである「関税法に基づき税関官署に対してする輸出又は輸入の申告」を挙げて最後に「等」とつけることで前者を表現している。(イ)に「代理又は代行」を入れると正しい内容になる。

[参照　第8編（通関業法）-第1章（通関業法の目的と定義）-2.定義-（1）通関業、通関業者、通関士、（2）通関業務]"
定義、目的（通関業法）,54-1-2,A,(ハ)は、通関業務のほか、その関連業務として(ハ)の名称を用いて、他人の依頼に応じ、通関業務に(ニ)、その他当該業務に関連する業務を行うことができる。ただし、(ホ)においてその業務を行うことが制限されている事項については、この限りでない。,"1.(ハ)通関業者 (ニ)先行し、後続し (ホ)他の法律
2.(ハ)通関士 (ニ)付随し (ホ)他の法律
3.(ハ)通関士 (ニ)先行し、後続し(ホ)関税関係法令
4.(ハ)通関士その他の通関業務の従業者 (ニ)附帯し (ホ) 関税関係法令
5.(ハ)通関業者 (ニ)付随し (ホ)関税法",1,"通関業者は、通関業務のほか、その関連業務として、通関業者の名称を用いて、他人の依頼に応じ、通関業務に先行し、後続し、その他当該業務に関連する業務を行なうことができる。ただし、他の法律においてその業務を行なうことが制限されている事項については、この限りでない(業7条)。
[参照　第8編（通関業法）-第1章（通関業法の目的と定義）-2.定義-（3）関連業務]"
通関業の許可,54-2-1,A,財務大臣は、通関業の許可をしようとするときは、許可申請に係る通関業の(イ)が確実であること、許可申請者が、その(ロ)に照らして、その行おうとする通関業務を適正に遂行することができる能力を有し、かつ、十分な(ハ)を有することに適合するかどうかを審査しなければならない。,"1.(イ)経営資源 (ロ)社会的信用 (ハ)財産の状況
2.(イ)財産の状況 (ロ)人的構成 (ハ)財産の状況
3.(イ)業務の状況 (ロ)財産の状況 (ハ)専門的な知識
4.(イ)経営の基礎 (ロ)人的構成 (ハ)社会的信用
5.(イ)経営の安定 (ロ)専門的な知識 (ハ)社会的信用

",4,"財務大臣は、通関業の許可をしようとするときは、通関業の許可基準に適合するかどうかを審査しなければならない(業5条)。許可基準は以下の3つであるが、本問で挙げられているのはそのうち①と②である。
①許可申請に係る通関業の経営の基礎が確実であること
②許可申請者が、その人的構成に照らして、その行おうとする通関業務を適正に遂行できる能力を有し、かつ、十分な社会的信用を有すること
③許可申請に係る通関業を営む営業所につき、通関士の設置要件(業13条)を備えること

[参照　第2編（関税法）-第8章（AEO事業者等になるための要件と失効・取消し等）-5.通関士、通関業者-（1）要件]"
通関業の許可,54-2-2,B,"財務大臣が通関業の許可に付することができる許可の期限に係る条件は、営業の状態等について追跡又は監視を必要とする次の場合に限り付すものとし、その期限は、それぞれに掲げる期間とされている。
・通関業の許可を新規に行う場合であって、資産内容及び収支の状況、通関業務経験者の有無等を勘案して許可期限を付する必要があると認められる場合(ニ)
・通関業法第34条第1項の規定による通関業者に対する監督処分として通関業者に対し通関業務の停止を命じた場合(ホ)
・既に付した条件による許可の期限を延長する必要がある場合(ホ)","1.(ニ)6月 (ホ)2年 
2.(ニ)1年 (ホ)7年 
3.(ニ)2年 (ホ)5年 
4.(ニ)3年 (ホ)7年 
5.(ニ)3年 (ホ)2年 ",5,"財務大臣が通関業の許可に付することができる許可の期限に係る条件は、営業の状態等について追跡又は監視を必要とする次の場合に限り付すものとし、その期限は、それぞれに掲げる期間とされている(業通3-5)。
・通関業の許可を新規に行う場合であって、資産内容及び収支の状況、通関業務経験者の有無等を勘案して許可期限を付する必要があると認められる場合 3年
・通関業法34条第1項の規定による通関業者に対する監督処分として通関業者に対し通関業務の停止を命じた場合 2年
・既に付した条件による許可の期限を延長する必要がある場合 2年

[参照　第8編（通関業法）-第2章（通関業の許可）-2.許可の条件]"
通関業の許可,54-3-1,A,通関業者である法人が通関業を廃止し、その通関業の許可が(イ)場合には、(ロ)が、遅滞なくその旨を財務大臣に届け出なければならない。この場合において、現に進行中の通関手続があるときは、当該通関手続については、当該(ハ)が引き続き当該許可を受けているものとみなすこととされている。,"1.(イ)取り消された (ロ)通関業者であった法人を代表する役員 (ハ) 破産管財人
2.(イ)消滅した (ロ)通関業者であった法人を代表する役員 (ハ)許可を受けていた者
3.(イ)取り消された (ロ)通関手続を担当する通関士 (ハ)清算人
4.(イ)消滅した (ロ)通関手続を担当する通関士 (ハ)破産管財人
5.(イ)効力を停止した (ロ)通関業務の責任者であった者 (ハ)許可を受けていた者

",2,"通関業者が通関業を廃止したときは、通関業の許可が消滅する(業10条1項1号)。このとき、通関業者であった法人を代表する役員が遅滞なくその旨を財務大臣に届け出なければならない(業12条3号、業令4条1号)。この場合において現に進行中の通関手続があるときは、当該手続については、当該許可を受けていた者が引き続き当該許可を受けているものとみなされる(業10条3項)。
[参照　第2編（関税法）-第8章（AEO事業者等になるための要件と失効・取消し等）-5.通関士、通関業者-（2）消滅事由、取消事由、資格喪失事由-②消滅事由、第8編（通関業法）-第2章（通関業の許可）-6.許可の申請事項等の変更等の届出]"
通関業の許可,54-3-2,A,"通関業者である法人が破産手続開始の決定を受け、その通関業の許可が(イ)場合には、(ニ)が、遅滞なくその旨を財務大臣に届け出なければならない。
財務大臣が通関業法第11条第1項の規定により通関業の許可の取消しをしようとする場合には、(ホ)の意見を聴かなければならない。","1.(イ)消滅した (ニ)破産管財人 (ホ)審査委員
2.(イ)効力を停止した (ニ)通関業務を担当していた役員 (ホ)清算人
3.(イ)効力を停止した (ニ)通関業務の責任者であった者 (ホ)審査委員
4.(イ)取り消された (ニ)破産管財人 (ホ)清算人
5.(イ)消滅した (ニ)通関業務を担当していた役員 (ホ)清算人",1,"通関業者である法人が破産手続開始の決定を受け、その通関業の許可が消滅した場合には、破産管財人が、遅滞なくその旨を財務大臣に届け出なければならない(業12条3号、業令4条3号)。
財務大臣が通関業の許可の取消しをしようとする場合には、審査委員の意見を聴かなければならない(業11条2項)。
[参照　第2編（関税法）-第8章（AEO事業者等になるための要件と失効・取消し等）-5.通関士、通関業者-（2）消滅事由、取消事由、資格喪失事由-②消滅事由、③取消事由、第8編（通関業法）-第2章（通関業の許可）-6.許可の申請事項等の変更等の届出]"
通関業者、通関士等の義務,54-4-1,A,通関業者は、通関業務及び関連業務に関して帳簿を設け、その(イ)に関する事項を記載し、当該帳簿をその(ロ)の日後(ハ)年間保存するとともに、その取扱いに係る通関業務及び関連業務に関する書類をその(ニ)の日後(ハ)年間保存しなければならない。,"1.(イ)開設 (ロ)閉鎖 (ハ)5 (ニ)記帳
2.(イ)売上 (ロ)開設 (ハ)7 (ニ)記帳
3.(イ)売上 (ロ)記帳 (ハ)5 (ニ)提出
4.(イ)収入 (ロ)記帳 (ハ)3 (ニ)作成
5.(イ)収入 (ロ)閉鎖 (ハ)3 (ニ)作成

",5,"通関業者は、通関業務（関連業務含む。）に関して帳簿を設け、その収入に関する事項を記載するとともに、その取扱いに係る通関業務（関連業務含む。）に関する書類を一定期間保存しなければならない(業22条1項)。また、帳簿及び書類は、それぞれその閉鎖の日又は作成の日後三年間保存しなければならない(業令8条3項)。
[参照　第8編（通関業法）-第3章（通関業者の義務、権利）-1.通関業者の義務-（8）記帳、届出、報告等-①記帳義務、保存義務]"
通関業者、通関士等の義務,54-4-2,A,通関業者は、通関士その他の通関業務の従業者(当該通関業者が法人である場合には、(ホ)及び通関士その他の通関業務の従業者)の氏名及びその異動を財務大臣に届け出なければならない。,"1.(ホ)法人を代表する役員
2.(ホ)全ての役員
3.(ホ)通関業務を担当する役員",3,"通関業者は、通関士その他の通関業務の従業者（当該通関業者が法人である場合には、通関業務を担当する役員及び通関士その他の通関業務の従業者）の氏名及びその異動を財務大臣に届け出なければならない(業22条2項)。
[参照　第8編（通関業法）-第3章（通関業者の義務、権利）-1.通関業者の義務-（8）記帳、届出、報告等-②届出義務]"
通関士の確認,54-5-1,A,"通関士試験に合格した者は、(イ)、通関士となる資格を有する。
税関長は、不正の手段によって通関士試験を受けた者に対しては、合格の決定を取り消すことができ、この取消しの処分を受けた者に対し、情状により(ロ)年以内の期間を定めて通関士試験を受けることができないものとすることができる。","1.(イ)どの税関の管轄区域内においても (ロ)2
2. (イ)どの税関の管轄区域内においても (ロ)3
3. (イ)希望により選択する税関の管轄区域内において (ロ)2
4. (イ)希望により選択する税関の管轄区域内において (ロ)3
5. (イ)受験地を管轄する税関の管轄区域内において (ロ)5",1,"通関士試験に合格した者は、どの税関の管轄区域内においても、通関士となる資格を有する(業25条)。税関長は、不正の手段によって通関士試験を受けた者に対しては、合格の決定を取り消すことができ、この取消しの処分を受けた者に対し、情状により2年以内の期間を定めて通関士試験を受けることができないものとすることができる(業29条)。
[参照　第8編（通関業法）-第4章（通関士）-1.通関士の確認、3.通関士試験]"
通関士の資格喪失,54-5-2,B,"通関士は、次のいずれかに該当するときは、通関士の資格を喪失し、通関士でなくなるものとされている。
・関税法第111条(許可を受けないで輸出入する等の罪)の規定に該当する違反行為をして関税法の規定により(ハ)処分を受けた者に該当するに至ったとき。
・通関業法の規定に違反する行為をして(ニ)以上の刑に処せられた者に該当するに至ったとき。
・(ホ)を受けた者に該当するに至ったとき。","1.(ハ)行政 (ニ)拘禁刑 (ホ)通告
2.(ハ)行政 (ニ)罰金 (ホ)破産手続開始の決定
3.(ハ)通告 (ニ)罰金 (ホ)告発
4.(ハ)通告 (ニ)罰金 (ホ)破産手続開始の決定
5.(ハ)通告 (ニ)拘禁刑 (ホ)告発",4,"通関士は、次のいずれかに該当するときは、通関士の資格を喪失し、通関士でなくなるものとされている(業32条2号)。
・関税法第111条(許可を受けないで輸出入する等の罪)の規定に該当する違反行為をして関税法の規定により通告処分を受けた者に該当するに至ったとき(業6条4号イ)。
・通関業法の規定に違反する行為をして罰金以上の刑に処せられた者に該当するに至ったとき(業6条3号、5号)。
・破産手続開始の決定を受けた者に該当するに至ったとき(業6条2号)。

(ニ)を含む部分は罰金「以上」とされるが、罰金以上の刑とは罰金と拘禁刑と死刑なので、通関業法の規定に違反する行為をして罰金の刑に処せられた者と、拘禁刑以上の刑（拘禁刑か死刑）に処せられた者の両方を含む文章になっているからである。拘禁刑以上の刑に処せられた者は、通関業法違反で処せられていても該当する。なお、通関業法の罰則で死刑は定められていないので、通関業法違反に死刑は存在しない。

(ホ)を含む部分は、条文(業6条2号)では「破産手続開始の決定を受けて復権を得ない者」という通関士の確認における欠格事由に該当するに至れば、通関士の資格を喪失するとされる(業32条2号)。しかし、時系列では破産手続開始の決定を受けた後に復権を得るので、通関士の確認を受けた後に破産手続開始の決定を受けた者は、破産手続開始の決定を受けた時点では復権を得ていないため、破産手続開始の決定を受けて復権を得ない者でもある。したがって、問題文のように「破産手続開始の決定を受けた者に該当するに至ったとき」という表現も間違いではない。

[参照　第2編（関税法）-第8章（AEO事業者等になるための要件と失効・取消し等）-1.特定輸出者、特例輸入者-（1）要件-②要件1-ⅱ法令違反のグループ、第2編（関税法）-第8章（AEO事業者等になるための要件と失効・取消し等）-5.通関士、通関業者-（2）消滅事由、取消事由、資格喪失事由-④資格喪失事由]"
通関業者、通関士等の義務,54-6-1,A,通関業者は、通関士を置かなければならないこととされる営業所ごとに、通関業務に係る貨物の数量及び種類並びに通関書類の数、種類及び内容に応じて複数の通関士を置かなければならない。,○×,×,"通関業者は、通関業務を適正に行うため、その通関業務を行う営業所ごとに、通関業務に係る貨物の数量及び種類並びに通関書類の数、種類及び内容に応じて必要な員数の通関士を置かなければならない(業13条、業令5条)。つまり、「必要な員数」が具体的な数では規定されていないので、複数の通関士を置かなければならないとは限らず、1人でよいということもあり得る。なお、その営業所において取り扱う通関業務に係る貨物が一定の種類の貨物のみに限られている場合（貨物限定の条件が付されている場合）は、その営業所に通関士を設置しなくてよい(業13条、業令5条)。
[参照　第8編（通関業法）-第3章（通関業者の義務、権利）-1.通関業者の義務-（2）通関士設置義務]"
通関業者、通関士等の義務,54-6-2,A,通関業者が通関業務を行う営業所に通関士を置くことを要しない場合における当該営業所において取り扱う通関業務に係る貨物が「一定の種類の貨物のみに限られている場合」とは、その行う通関業務に係る貨物が一定種類に限られており、通関業務の内容が簡易かつ、定型化されている場合をいう。,○×,○,"通関業者は、通関業務を適正に行うため、その通関業務を行う営業所ごとに、通関業務に係る貨物の数量及び種類並びに通関書類の数、種類及び内容に応じて必要な員数の通関士を置かなければならないのが原則であるが、営業所において取り扱う通関業務に係る貨物が一定の種類の貨物のみに限られている場合（貨物限定の条件が付されている場合）は、その営業所に通関士を設置しなくてよい(業13条、業令5条)。この、営業所において取り扱う通関業務に係る貨物が「一定の種類の貨物のみに限られている場合」とは、その行う通関業務に係る貨物が一定種類に限られており、通関業務の内容が簡易かつ、定型化されている場合をいう(業通13-1)。
[参照　第8編（通関業法）-第3章（通関業者の義務、権利）-1.通関業者の義務-（2）通関士設置義務]"
通関業者、通関士等の義務,54-6-3,A,通関業者は、通関業務を行う営業所の新設の許可の条件として、その取り扱う通関業務に係る貨物について一定の種類の貨物のみに限る条件が付されている場合には、当該営業所に通関士を置くことはできない。,○×,×,"営業所において取り扱う通関業務に係る貨物が一定の種類の貨物のみに限られている場合には、その営業所に通関士を設置しなくてよいが、設置してもよい(業13条、業令5条)。
[参照　第8編（通関業法）-第3章（通関業者の義務、権利）-1.通関業者の義務-（2）通関士設置義務]"
通関業者、通関士等の義務,54-6-4,A,認定通関業者は、通関業務を行う営業所の新設の許可に条件が付されていない場合であっても、当該営業所に通関士を置くことを要しない。,○×,×,"通関業者は原則として営業所ごとに通関士を設置する義務を負うが、営業所において取り扱う通関業務に係る貨物が一定の種類の貨物のみに限られている場合には、その営業所に通関士を設置しなくてよい(業13条、業令5条)。しかし、この場合以外に通関士設置義務を免除する規定は無いので、認定通関業者だからといって通関士設置義務は免除されない。
[参照　第8編（通関業法）-第3章（通関業者の義務、権利）-1.通関業者の義務-（2）通関士設置義務]"
通関業者、通関士等の義務,54-6-5,B,通関業者が通関業務を行う営業所ごとに置くべき通関士の員数は、業務の効率化・最適化の取組み、業務内容の難易度及び雇用する通関士の業務経験等を総合的に勘案し、当該通関業者自身が創意工夫、自己規律を発揮しつつ判断するものとされている。,○×,○,"通関業者は原則として営業所ごとに通関士を設置する義務を負うが(業13条、業令5条)、通関業者が通関業務を行う営業所ごとに置くべき通関士の員数は、業務の効率化や最適化の取組み、業務内容の難易度及び雇用する通関士の業務経験等を総合的に勘案し、通関業者自身が創意工夫、自己規律を発揮しつつ判断するとされている(業通13-3)。難しい言い回しをしているが、設置義務のある通関士の人数は通関業者自身が色々考えて判断するということである。
[参照　第8編（通関業法）-第3章（通関業者の義務、権利）-1.通関業者の義務-（2）通関士設置義務]"
通関業の許可,54-7-1,A,通関業者が通関業以外の事業を営むときは、当該事業を営むことについて財務大臣の承認を受けなければならない。,○×,×,"通関業者が通関業以外の事業を営むときは、許可の申請事項の変更を財務大臣に届け出るする必要があるものの、その事業を営むことについて財務大臣の承認を受けなければならないとはされていない(業12条1号、4条1項5号)。
[参照　第8編（通関業法）-第2章（通関業の許可）-6.許可の申請事項等の変更等の届出]"
罰則（通関業法）,54-7-2,A,通関業法第19条の規定に違反して、通関業務に関して知り得た秘密を他に漏らし、又は盗用した通関士については、この行為について、同法に罰則が定められていることから、通関士に対する懲戒処分の対象とされていない。,○×,×,"罰則は犯罪を行なったことについての罰であり、懲戒処分とは別の制度である。そのため、罰則と懲戒処分の両方の対象となることもある。通関士が通関業務に関して知り得た秘密を他に漏らし、又は盗用することは通関業法で罰則が定められている(業41条1項3号、19条)ほか、通関業法違反であるから通関士に対する懲戒処分の対象でもある(業35条1項)。
[参照　第8編（通関業法）-第3章（通関業者の義務、権利）-1.通関業者の義務-（6）秘密を守る義務、第8編（通関業法）-第5章（監督処分、懲戒処分等）-3.通関士に対する懲戒処分-（1）懲戒処分の対象、第8編（通関業法）-第6章（報告の聴取等、名称の使用制限、権限の委任、罰則（通関業法））-4.罰則]"
罰則（通関業法）,54-7-3,A,通関業法第33条の規定に違反して、自らの通関士の名義を他人に通関業務のため使用させた通関士については、この行為について、同法に罰則が定められていることから、通関士に対する懲戒処分の対象とされていない。,○×,×,"罰則は犯罪を行なったことについての罰であり、懲戒処分とは別の制度である。そのため、罰則と懲戒処分の両方の対象となることもある。通関士の名義貸しは通関業法で罰則が定められている(業44条2号、33条)ほか、通関業法違反であるから通関士に対する懲戒処分の対象でもある(業35条1項)。
[参照　第8編（通関業法）-第4章（通関士）-2.名義貸しの禁止、第8編（通関業法）-第5章（監督処分、懲戒処分等）-3.通関士に対する懲戒処分-（1）懲戒処分の対象、第8編（通関業法）-第6章（報告の聴取等、名称の使用制限、権限の委任、罰則（通関業法））-4.罰則]"
通関業者、通関士等の義務,54-7-4,A,通関業者は、通関業務及び関連業務の料金の額を営業所において依頼者の見やすいように掲示しなければならない。,○×,○,"通関業者は、通関業務及び関連業務の料金の額を営業所において依頼者の見やすいように掲示しなければならないこととされている(業18条)。
[参照　第8編（通関業法）-第3章（通関業者の義務、権利）-1.通関業者の義務-（5）料金の掲示義務]"
通関業者、通関士等の義務,54-7-5,A,通関業者(法人である場合には、その役員)及び通関士は、通関業者又は通関士の信用又は品位を害するような行為をしてはならない。,○×,○,"通関業者（法人である場合には、その役員）及び通関士は、通関業者又は通関士の信用又は品位を害するような行為をしてはならない(信用失墜行為の禁止 業20条)。
[参照　第8編（通関業法）-第3章（通関業者の義務、権利）-1.通関業者の義務-（7）信用失墜行為の禁止]"
通関業者に対する監督処分,54-8-1,A,財務大臣は、通関業者の通関士につき、関税法の規定に違反する行為があった場合において、その通関業者の責めに帰すべき理由があるときは、当該通関業者に対し、通関業者に対する監督処分をすることができることとされており、この「通関業者の責めに帰すべき理由があるとき」とは、その違反につき、通関業者に選任、監督上の故意、過失があることをいう。,○×,○,"財務大臣は、通関業者の通関士につき、関税法の規定に違反する行為があった場合において、その通関業者の責めに帰すべき理由があるときは、当該通関業者に対し、通関業者に対する監督処分をすることができる(業34条1項2号)。この「通関業者の責めに帰すべき理由がある」とは、「通関業者に選任、監督上の故意、過失がある」ことを指す(業通34-1(3))。
[参照　第8編（通関業法）-第5章（監督処分、懲戒処分等）-1.通関業者に対する監督処分-（1）監督処分の対象]"
通関士に対する懲戒処分,54-8-2,A,財務大臣は、通関士が関税法の規定に違反したときは、通関士に対する懲戒処分として、その通関士に対し、1年以内の期間を定めてその者が通関業務に従事することを停止し、又は通関士試験の合格の決定の取消しをすることができる。,○×,×,"財務大臣は、通関士が関税法の規定に違反したときは、通関士に対する懲戒処分として、その通関士に対し、1年以内の期間を定めてその者が通関業務に従事することを停止することができる(業35条1項)。しかし、通関士試験の合格の決定の取消しができるのは税関長であり、その対象は、不正の手段によって通関士試験を受け、若しくは受けようとし、又は試験科目の免除を受け、若しくは受けようとした者である(業29条1項)。したがって、通関士試験の合格の決定の取消しはできない。
[参照　第8編（通関業法）-第4章（通関士）-3.通関士試験、第8編（通関業法）-第5章（監督処分、懲戒処分等）-3.通関士に対する懲戒処分]"
通関業者に対する監督処分,54-8-3,A,何人も、通関業者に、財務大臣が通関業者に対する監督処分をすることができる場合に該当する事実があると認めたときは、財務大臣に対し、その事実を申し出て、適当な措置をとるべきことを求めることができる。,○×,○,"何人（なんびと）も、通関業者に監督処分の対象となる事実があると認めたときは、財務大臣に対し、その事実を申し出て、適当な措置をとるべきことを求めることができる(調査の申出 業36条)。何人もというのは、誰でも、という意味である。懲戒処分の対象となりそうな事実を知ったのであれば、誰でも、財務大臣に対して、適切な処分を行うことを求めてよいのである。
[参照　第8編（通関業法）-第5章（監督処分、懲戒処分等）-4.監督処分、懲戒処分の手続-（1）調査の申出]"
通関業者に対する監督処分,54-8-4,A,財務大臣は、通関業者が通関業法の規定に違反したときは、通関業者に対する監督処分として、その通関業者に対し、2年以内の期間を定めて通関業務の全部若しくは一部の停止を命じ、又は許可の取消しをすることができる。,○×,×,"｢2年以内の期間を定めて｣ではなく、「1年以内の期間を定めて」である(業34条1項1号)。
[参照　第8編（通関業法）-第5章（監督処分、懲戒処分等）-1.通関業者に対する監督処分]"
通関士に対する懲戒処分,54-8-5,A,財務大臣は、通関士に対する懲戒処分をしようとするときは、当該通関士がその業務に従事する通関業者の意見を聴かなければならないが、当該処分が戒告であるときはこれを要しない。,○×,×,"戒告のときも意見を聴く必要がある(業37条1項、35条1項)。
[参照　第8編（通関業法）-第5章（監督処分、懲戒処分等）-4.監督処分、懲戒処分の手続-（3）審査委員等からの意見聴取]"
罰則（通関業法）,54-9-1,A,偽りその他不正の手段により通関業の許可を受けた者は、3年以下の拘禁刑又は300万円以下の罰金に処することとされている。,○×,×,"「1年以下の拘禁刑又は100万円以下の罰金」である(業41条1項1号)。
[参照　第8編（通関業法）-第6章（報告の聴取等、名称の使用制限、権限の委任、罰則（通関業法））-4.罰則]"
罰則（通関業法）,54-9-2,A,不正の手段により通関士試験を受けた者は、1年以下の拘禁刑又は100万円以下の罰金に処することとされている。,○×,×,"不正の手段によって通関士試験を受けた者に対してできるのは、合格の決定を取り消し、又はその試験を受けることを禁止することと、情状により2年以内の期間を定めて通関士試験を受けることができないものとすることである(業29条)。罰則は無い。
[参照　第8編（通関業法）-第4章（通関士）-3.通関士試験、第8編（通関業法）-第6章（報告の聴取等、名称の使用制限、権限の委任、罰則（通関業法））-4.罰則]"
罰則（通関業法）,54-9-3,A,通関業法第17条の規定に違反して自らの通関業者の名義を他人に通関業のため使用させた者は、100万円以下の罰金に処することとされている。,○×,×,"通関業者の名義貸しは、｢100万円以下の罰金」ではなく、「30万円以下の罰金」である(業44条1号)。
[参照　第8編（通関業法）-第6章（報告の聴取等、名称の使用制限、権限の委任、罰則（通関業法））-4.罰則]"
罰則（通関業法）,54-9-4,A,通関業者でない法人の従業者が、その法人の業務に関し、通関業法第40条第1項の規定に違反して、通関業者という名称を使用したときは、当該従業者が同法の規定に基づき罰せられることがあるほか、その法人に対しても罰金刑が科せられることがある。,○×,○,"通関業者でない者は、通関業者という名称を使用してはならない(業40条1項)。これに違反して通関業者という名称を使用した者には30万円以下の罰金が科されることがあるが(業44条3号)、この者が法人の代表者であり、その法人の業務に関して当該違反を行った場合は、その法人に対しても同様の罰金刑を科されることがある(両罰規定 業45条)。
[参照　第8編（通関業法）-第6章（報告の聴取等、名称の使用制限、権限の委任、罰則（通関業法））-2.名称の使用制限、4.罰則]"
罰則（通関業法）,54-9-5,A,偽りその他不正の手段により通関業法第31条第1項の確認(通関業者が通関士試験に合格した者を通関士としてその通関業務に従事させようとする場合における財務大臣の確認)を受けた者は、6月以下の拘禁刑又は50万円以下の罰金に処することとされている。,○×,○,"偽りその他不正の手段により通関士の確認を受けた者は、6月以下の拘禁刑又は50万円以下の罰金に処することとされている(業42条1号)。
[参照　第8編（通関業法）-第6章（報告の聴取等、名称の使用制限、権限の委任、罰則（通関業法））-4.罰則]"
通関業の許可,54-10-1,A,財務大臣は、通関業の許可をしたときは、遅滞なく、その旨を公告するとともに、許可を受けた者に許可証を交付することとされているが、通関業務を行う営業所の新設の許可をしたときは、これらを要しない。,○×,×,"営業所の新設の許可の場合でも要する(業8条2項、3条4項)。
[参照　第8編（通関業法）-第2章（通関業の許可）-5.営業所の新設-（1）営業所の新設]"
通関業の許可,54-10-2,A,財務大臣は、通関業法第10条第1項の規定により通関業の許可が消滅したときは、遅滞なくその旨を公告しなければならない。,○×,○,"財務大臣は、通関業の許可が消滅したときは、遅滞なくその旨を公告しなければならない(業10条2項)。
[参照　第2編（関税法）-第8章（AEO事業者等になるための要件と失効・取消し等）-5.通関士、通関業者-（2）消滅事由、取消事由、資格喪失事由-②消滅事由]"
通関業の許可,54-10-3,A,財務大臣は、業務改善命令をしたときは、遅滞なくその旨を公告しなければならない。,○×,×,"業務改善命令をしても、公告は不要である(業33条の2参照)。
[参照　第8編（通関業法）-第5章（監督処分、懲戒処分等）-2.通関業者に対する業務改善命令]"
通関業の許可,54-10-4,A,財務大臣は、通関士に対する懲戒処分をしたときは、遅滞なくその旨を公告しなければならないが、当該処分が戒告であるときは、これを要しない。,○×,×,"戒告の場合でも要する(業35条2項、34条2項)。
[参照　第8編（通関業法）-第5章（監督処分、懲戒処分等）-4.監督処分、懲戒処分の手続-（4）処分の通知、公告]"
通関業の許可,54-10-5,A,財務大臣は、通関業者に対する監督処分をしたときは、遅滞なくその旨を公告しなければならない。,○×,○,"財務大臣は、通関業者に対する監督処分をしたときは、遅滞なくその旨を公告しなければならない(業34条2項)。
[参照　第8編（通関業法）-第5章（監督処分、懲戒処分等）-4.監督処分、懲戒処分の手続-（4）処分の通知、公告]"
通関業の許可,54-11-1,A,財務大臣は、通関業の許可に条件を付すことができるが、通関業務を行う営業所の新設の許可に条件を付すことはできない。,○×,×,"営業所の新設の許可に条件を付すこともできる(業8条2項、3条2項)。
[参照　第8編（通関業法）-第2章（通関業の許可）-5.営業所の新設-（1）営業所の新設]"
通関業の許可,54-11-2,A,通関業者が、通関業務に従事する通関士及びその他の通関業務の従業者が情報通信機器を活用して、労働時間の全部又は一部において、自宅で通関業務に従事する勤務形態(在宅勤務)を導入する場合には、財務大臣の承認を受けなければならない。,○×,×,"通関業者の通関業務に従事する通関士及びその他の通関業務の従業者が在宅勤務を開始しするときは、その通関士又は従業者の氏名、在宅勤務の場所の住所、その通関士又は従業者が所属する営業所名等を、その営業所の所在地又は主たる営業所の所在地を管轄する税関に申し出る必要がある(業通8-4(1))。しかし、財務大臣の承認を受けなければならないとの規定は無い。
[参照　第8編（通関業法）-第2章（通関業の許可）-5.営業所の新設-（3）在宅勤務、サテライトオフィス]"
通関業の許可,54-11-3,A,通関業者が、通関業務に従事する通関士及びその他の通関業務の従業者が情報通信機器を活用して、労働時間の全部又は一部において、自宅で通関業務に従事する勤務形態(在宅勤務)を開始する場合には、在宅勤務についての定めのある就業規則及び書類管理、情報セキュリティー等について定めのある社内管理規則等を具備することを要する。,○×,×,"就業規則や社内管理規則まではなくとも、情報セキュリティポリシーが定められている等、情報セキュリティ対策が講じられていることの確認を受ければよい(業通8-4(2))。情報セキュリティポリシーとは情報セキュリティに関する指針であり、就業規則や社内管理規則といった規則よりも緩い決めごとである。規則を定めることまでは要求されていない。
[参照　第8編（通関業法）-第2章（通関業の許可）-5.営業所の新設-（3）在宅勤務、サテライトオフィス]"
通関業の許可,54-11-4,A,認定通関業者である通関業者が通関業務を行う営業所を新たに設けようとする場合には、当該営業所の名称及び所在地を記載した許可申請書を財務大臣に提出し許可を受けなければならない。,○×,×,"認定通関業者が営業所を新設する場合であるから、営業所の新設に係る許可の特例が適用され、財務大臣の許可ではなく、財務大臣への届出でよい(業9条1項)。
[参照　第8編（通関業法）-第2章（通関業の許可）-5.営業所の新設-（2）営業所の新設に係る許可の特例]"
通関業の許可,54-11-5,A,通関業者の通関業の許可に条件が付されていない場合において、財務大臣が当該通関業者の通関業務を行う営業所の新設について許可を行うときは、その営業所の新設についての許可に条件を付すことはできない。,○×,×,"財務大臣は、通関業の許可と同様、営業所新設の許可に条件を付すことができる(業8条2項、3条2項)。営業所の許可に付す条件は、通関業の許可に付されていない条件でもよい(業通8-2(4))。
[参照　第8編（通関業法）-第2章（通関業の許可）-5.営業所の新設-（1）営業所の新設]"
通関業の許可,54-12-1,A,拘禁刑に処せられた者であって、その執行を終わり、又は執行を受けることがなくなってから3年を経過したものは、通関業の許可を受けることができる。,○×,○,"拘禁刑以上の刑に処せられた者であって、その執行を終わり、又は執行を受けることがなくなってから3年を経過しないものは、通関業の許可を受けることができない(業6条3号)。本問は、拘禁刑に処せられた者であり、その執行を終わり、又は執行を受けることがなくなってから3年を経過しているのだから、これに当たらず、許可を受けることができる。
[参照　第2編（関税法）-第8章（AEO事業者等になるための要件と失効・取消し等）-5.通関士、通関業者-（1）要件]"
通関業の許可,54-12-2,A,公務員で懲戒免職の処分を受け、当該処分を受けた日から2年を経過しない者は、通関業の許可を受けることができない。,○×,○,"公務員で懲戒免職の処分を受け、当該処分を受けた日から2年を経過しない者は、通関業の許可を受けることができない(業6条9号)。
[参照　第2編（関税法）-第8章（AEO事業者等になるための要件と失効・取消し等）-5.通関士、通関業者-（1）要件]"
通関業の許可,54-12-3,A,通関業者に対する監督処分により通関業の許可を取り消された者であって、この処分を受けた日から2年を経過したものは、通関業の許可を受けることができる。,○×,○,"通関業者に対する監督処分(業34条1項)により通関業の許可を取り消された者であって、この処分を受けた日から2年を経過しないものは、通関業の許可を受けることができない(業6条8号)。本問は、通関業者に対する監督処分により通関業の許可を取り消された者であるが、処分を受けた日から2年を経過しているので、これに当たらず、通関業の許可を受けることができる。
[参照　第2編（関税法）-第8章（AEO事業者等になるための要件と失効・取消し等）-5.通関士、通関業者-（1）要件]"
通関業の許可,54-12-4,A,通関業法の規定に違反する行為をして拘禁刑に処せられた者は、その執行を終わり、又は執行を受けることがなくなってから3年を経過したものであっても、通関業の許可を受けることができない。,○×,×,"拘禁刑以上の刑に処せられた者であって、その執行を終わり、又は執行を受けることがなくなってから3年を経過しないものは、通関業の許可を受けることができない(業6条3号)。本問は、拘禁刑に処せられた者であるが、その執行を終わり、又は執行を受けることがなくなってから3年を経過しているのだから、これに当たらず、許可を受けることができる。
[参照　第2編（関税法）-第8章（AEO事業者等になるための要件と失効・取消し等）-5.通関士、通関業者-（1）要件]"
通関業の許可,54-12-5,A,関税法以外の国税に関する法律中偽りその他不正の行為により国税を免れることに関する罪を定めた規定に該当する違反行為をして、国税通則法の規定により通告処分を受けた者であって、その通告の旨を履行した日から3年を経過したものは、通関業の許可を受けることができる。,○×,○,"関税法以外の国税に関する法律中偽りその他不正の行為により国税を免れることに関する罪を定めた規定に該当する違反行為をして、国税通則法の規定により通告処分を受けた者であって、その通告の旨を履行した日から3年を経過していないものは、通関業の許可を受けることができることができない(業6条4号ロ)。本問は、関税法以外の国税に関する法律中偽りその他不正の行為により国税を免れることに関する罪を定めた規定に該当する違反行為をして、国税通則法の規定により通告処分を受けた者であるが、通告の旨を履行した日から3年を経過しているのだから、これに当たらず、許可を受けることができる。
[参照　第2編（関税法）-第8章（AEO事業者等になるための要件と失効・取消し等）-5.通関士、通関業者-（1）要件]"
通関業の許可,54-13-1,A,通関業者が死亡し相続があった場合で、当該通関業者の通関業の許可に基づく地位を承継した者から、当該承継についての財務大臣に対する承認の申請がその死亡後60日以内にされなかったときは、財務大臣は当該通関業の許可を取り消すこととされている。,○×,×,"通関業者が死亡し相続があった場合で、許可の承継の承認の申請が定められた期間内（死亡後60日以内）にされなかった場合、通関業の許可が消滅するのであり(業10条1項2号)、財務大臣が取り消すわけではない。
[参照　第2編（関税法）-第8章（AEO事業者等になるための要件と失効・取消し等）-5.通関士、通関業者-（2）消滅事由、取消事由、資格喪失事由-②消滅事由、第2編（関税法）-第9章（許可等に基づく地位の承継）-1.死亡（相続）の場合]"
許可等に基づく地位の承継,54-13-2,A,通関業者について相続があったときは、その相続人(相続人が2人以上ある場合において、その全員の同意により通関業の許可に基づく地位を承継すべき相続人を選定したときは、その者)は、被相続人の当該許可に基づく地位を承継する。,○×,○,"通関業者について相続があったときは、その相続人（相続人が2人以上ある場合において、その全員の同意により通関業の許可に基づく地位を承継すべき相続人を選定したときは、その者）は、被相続人の当該許可に基づく地位を承継する(業11条の2第1項)。
[参照　第2編（関税法）-第9章（許可等に基づく地位の承継）-1.死亡（相続）の場合]"
許可等に基づく地位の承継,54-13-3,A,通関業者が通関業を譲り渡した場合において、あらかじめ財務大臣の承認を受けたときは、その通関業を譲り受けた者は、その通関業を譲り渡した者の通関業の許可に基づく地位を承継することができる。,○×,○,"通関業者が通関業を譲り渡した場合において、あらかじめ財務大臣の承認を受けたときは、その通関業を譲り受けた者は、その通関業を譲り渡した者の通関業の許可に基づく地位を承継することができる(業11条の2第4項)。
[参照　第2編（関税法）-第9章（許可等に基づく地位の承継）-2.合併、分割、業務の譲渡の場合]"
許可等に基づく地位の承継,54-13-4,A,財務大臣は、通関業の許可に基づく地位の承継についての承認をするに際しては、当該承認をしようとする承継に係る通関業の許可について付された条件を取り消し、変更し、又は新たに条件を付すことができる。,○×,○,"財務大臣は、通関業の許可に基づく地位の承継についての承認をするに際しては、当該承認をしようとする承継に係る通関業の許可について付された条件を取り消し、変更し、又は新たに条件を付すことができる(業11条の2第6項)。
[参照　第2編（関税法）-第9章（許可等に基づく地位の承継）-3.共通事項]"
許可等に基づく地位の承継,54-13-5,A,通関業者について合併があり、当該合併後存続する法人が当該合併により消滅する法人の通関業の許可に基づく地位を承継することについて、あらかじめ財務大臣に承認の申請があった場合において、当該合併後存続する法人について通関業法第6条に規定する通関業の許可に係る欠格事由のいずれかに該当するときは、財務大臣は当該承認をしないものとされている。,○×,○,"通関業の許可に基づく地位の承継において承継人（本問では合併後存続する法人）が通関業の許可の要件を満たさない場合（通関業法5条各号(許可の基準)のいずれかに適合しない場合や、通関業法6条各号(欠格事由)のいずれかに該当する場合）は、財務大臣は承認をしない(業11条の2第5項)。
[参照　第2編（関税法）-第9章（許可等に基づく地位の承継）-2.合併、分割、業務の譲渡の場合]"
通関業の許可,54-14-1,A,通関業者は、通関業務を行う営業所ごとの責任者の氏名及び通関業法第13条の規定により置く通関士の数に変更があった場合には、同法第12条の規定に基づき、遅滞なくその旨を財務大臣に届け出なければならない。,○×,○,"通関業者は、通関業務を行う営業所ごとの責任者の氏名及び設置する通関士の数に変更があった場合には、遅滞なくその旨を財務大臣に届け出なければならない(業12条1号、4条1項3号)。
[参照　第8編（通関業法）-第2章（通関業の許可）-6.許可の申請事項等の変更等の届出]"
通関業の許可,54-14-2,A,通関業者は、その通関業の許可に取り扱う貨物の種類の限定に係る条件が付されている場合において、当該貨物の種類に変更があるときは、通関業法第12条の規定に基づき、遅滞なくその旨を財務大臣に届け出なければならない。,○×,×,"このとき、財務大臣に「許可等条件変更申請書」に許可の申請に準ずる添付書類を添えて提出し、「許可等条件変更書」の交付を受けなければならない(業通3-7(2)(3))。財務大臣への届出で条件が変更できるのではない。
[参照　第8編（通関業法）-第2章（通関業の許可）-2.許可の条件]"
通関業の許可,54-14-3,A,通関業者は、通関業務を行う営業所の名称及び所在地に変更があった場合には、通関業法第12条の規定に基づき、遅滞なくその旨を財務大臣に届け出なければならない。,○×,○,"通関業者は、通関業務を行う営業所の名称及び所在地に変更があった場合には、遅滞なくその旨を財務大臣に届け出なければならない(業12条1号、4条1項2号)。
[参照　第8編（通関業法）-第2章（通関業の許可）-6.許可の申請事項等の変更等の届出]"
通関業の許可,54-14-4,A,通関業者は、その氏名又は名称及び住所並びに法人である通関業者にあってはその役員の氏名及び住所に変更があった場合には、通関業法第12条の規定に基づき、遅滞なくその旨を財務大臣に届け出なければならない。,○×,○,"通関業者は、その氏名又は名称及び住所並びに法人である通関業者にあってはその役員の氏名及び住所に変更があった場合には、遅滞なくその旨を財務大臣に届け出なければならない(業12条1号、4条1項1号)。
[参照　第8編（通関業法）-第2章（通関業の許可）-6.許可の申請事項等の変更等の届出]"
通関業者に対する監督処分,54-14-5,A,通関業法第12条に規定する通関業者の変更等の届出に係る義務違反については、通関業者に対する監督処分の対象とされている。,○×,○,"通関業者が、通関業法の規定に違反したときは、通関業者に対する監督処分の対象となる(業34条1項1号)。したがって、通関業法12条に規定する通関業者の変更等の届出に係る義務違反についても、通関業者に対する監督処分の対象とされている。
[参照　第8編（通関業法）-第5章（監督処分、懲戒処分等）-1.通関業者に対する監督処分-（1）監督処分の対象]"
通関業者、通関士等の義務,54-15-1,A,通関業者は、通関士が通関業務に従事している営業所における通関業務として、他人の依頼に応じて税関官署に提出する修正申告書について、通関士にその内容を審査させることを要しない。,○×,×,"通関業者は、通関士が通関業務に従事している営業所における通関業務として、他人の依頼に応じて税関官署に提出する修正申告書について、通関士にその内容を審査させることを要する(業14条、業令6条4号)。
[参照　第8編（通関業法）-第3章（通関業者の義務、権利）-1.通関業者の義務-（3）通関士の審査記名]"
通関業者、通関士等の義務,54-15-2,A,通関業者は、通関士が通関業務に従事している営業所における通関業務として、他人の依頼に応じて税関官署に提出する輸出申告書について、通関士にその内容を審査させなければならない。,○×,○,"通関業者は、通関士が通関業務に従事している営業所における通関業務として、他人の依頼に応じて税関官署に提出する輸出申告書について、通関士にその内容を審査させることを要する(業14条、業令6条1号、業法2条1号イ(1)(一))。
[参照　第8編（通関業法）-第3章（通関業者の義務、権利）-1.通関業者の義務-（3）通関士の審査記名]"
通関業者、通関士等の義務,54-15-3,A,通関業者は、通関士が通関業務に従事している営業所における通関業務として、他人の依頼に応じて税関官署に提出する特例申告書について、通関士にその内容を審査させることを要しない。,○×,×,"通関業者は、通関士が通関業務に従事している営業所における通関業務として、他人の依頼に応じて税関官署に提出する特例申告書について、通関士にその内容を審査させることを要する(業14条、業令6条3号)。
[参照　第8編（通関業法）-第3章（通関業者の義務、権利）-1.通関業者の義務-（3）通関士の審査記名]"
通関業者、通関士等の義務,54-15-4,A,通関業者は、通関業務を行う営業所に通関士を置くことを要しない場合には、当該営業所に通関士を置いたときであっても、当該営業所における通関業務として、他人の依頼に応じ税関官署に提出する輸入申告書について、通関士にその内容を審査させることを要しない。,○×,×,"通関業者は、通関士が通関業務に従事している営業所における通関業務として、他人の依頼に応じて税関官署に提出する輸入申告書について、通関士にその内容を審査させることを要する。これは、通関士設置義務のない営業所に通関士を設置した場合も同様である(業14条、業令6条1号、業法2条1号イ(1)(一)、業通14-1)。
[参照　第8編（通関業法）-第3章（通関業者の義務、権利）-1.通関業者の義務-（3）通関士の審査記名]"
通関業者、通関士等の義務,54-15-5,A,認定通関業者である通関業者は、通関士が通関業務に従事している営業所における通関業務として、他人の依頼に応じて税関官署に提出する輸入申告書について、通関士にその内容を審査させることを要しない。,○×,×,"通関業者は、通関士が通関業務に従事している営業所における通関業務として、他人の依頼に応じて税関官署に提出する輸入申告書について、通関士にその内容を審査させることを要する(業14条、業令6条1号、業法2条1号イ(1)(一))。認定通関業者であれば要しないという規定はない。
[参照　第8編（通関業法）-第3章（通関業者の義務、権利）-1.通関業者の義務-（3）通関士の審査記名]"
通関業者の権利,54-16-1,A,税関長が、通関業者の行う通関手続に関し、税関職員に関税法第67条の輸出しようとする貨物についての必要な検査をさせるため、当該通関業者又はその従業者の立会いを求めるための通知を当該通関業者に行った場合において、当該通関業者又はその従業者が立ち会わないときは、税関職員は立会いのないまま当該検査を行って差し支えないこととされている。,○×,○,"税関長は、通関業者の行なう通関手続に関し、税関職員に輸出しようとする貨物についての必要な検査をさせるときは、当該通関業者又はその従業者の立会いを求めるため、その旨を当該通関業者に通知しなければならない(業16条)。この通知に対し、通関業者又はその従業者が立ち会わないときは、立会いのないまま検査を行って差し支えない(業通16-1(2))。
[参照　第8編（通関業法）-第3章（通関業者の義務、権利）-2.通関業者の権利-（2）検査の通知を受ける権利]"
通関業者の権利,54-16-2,A,通関業者が他人の依頼に応じて税関官署に対してした納税の申告について、更正をすべき場合において、当該更正が当該申告に係る貨物の関税率表の適用上の所属の相違に基因して、納付すべき関税の額を減少するものであるときは、税関長は、当該通関業者に対し、当該相違に関し意見を述べる機会を与えなければならない。,○×,×,"通関業者が他人の依頼に応じて税関官署に対してした納税の申告について更正をすべき場合において、当該更正が、当該申告に係る貨物の関税率表の適用上の所属又は課税価格の相違その他関税に関する法令の適用上の解釈の相違に基因して、納付すべき関税の額を増加するものであるときは、税関長は、当該通関業者に対し、当該相違に関し意見を述べる機会を与えなければならないのが原則である(業15条)。しかし、本問は関税の額を減少させる更正（減額更正）であり、納付すべき関税の額を増加させる更正（増額更正）ではないから、これに当てはまらず、相違に関し意見を述べる機会は与えられない。
[参照　第8編（通関業法）-第3章（通関業者の義務、権利）-2.通関業者の権利-（1）増額更正について意見を述べる権利]"
通関業者の権利,54-16-3,A,通関業者が他人の依頼に応じて税関官署に対してした納税の申告について、更正をすべき場合において、当該更正が転記の誤りに基因して、納付すべき関税の額を増加するものであるときは、税関長は、当該通関業者に対し、当該誤りに関し意見を述べる機会を与えることを要しない。,○×,○,"通関業者が他人の依頼に応じて税関官署に対してした納税の申告について更正をすべき場合において、当該更正が、当該申告に係る貨物の関税率表の適用上の所属又は課税価格の相違その他関税に関する法令の適用上の解釈の相違に基因して、納付すべき関税の額を増加するものであるときは、税関長は、当該通関業者に対し、当該相違に関し意見を述べる機会を与えなければならない。ただし、当該関税の額の増加が計算又は転記の誤りその他これに類する客観的に明らかな誤りに基因するものである場合は、この限りでない(業15条)。つまり、増額更正が行われる場合は、原則として通関業者に意見を述べる機会を与えなければならないが、計算ミスや転記ミス等により納税の申告が間違っていたために増額更正することになった場合は、意見を述べる機会を与えなくてもよいのである。したがって、転記の誤りに起因する本問では意見を述べる機会を与えることを要しない。
[参照　第8編（通関業法）-第3章（通関業者の義務、権利）-2.通関業者の権利-（1）増額更正について意見を述べる権利]"
通関業者の権利,54-16-4,A,税関長は、通関業者の行う通関手続に関し、税関職員に関税法第43条の4第1項の保税蔵置場に置こうとする外国貨物についての必要な検査をさせるときは、当該通関業者又はその従業者の立会いを求めるため、その旨を当該通関業者に通知しなければならない。,○×,○,"税関長は、通関業者の行う通関手続に関し、税関職員に関税法43条の4第1項の保税蔵置場に置こうとする外国貨物についての必要な検査（蔵入承認の際の検査）をさせるときは、当該通関業者又はその従業者の立会いを求めるため、その旨を当該通関業者に通知しなければならない(業16条、業令7条2号)。
[参照　第8編（通関業法）-第3章（通関業者の義務、権利）-2.通関業者の権利-（2）検査の通知を受ける権利]"
通関業者の権利,54-16-5,A,通関業法第16条の規定に基づく検査の立会いを求めるための税関長の通知は、口頭又は書面のいずれでも差し支えないものとされており、また、検査指定票の交付をもってこれに代えることができることとされている。,○×,○,"税関長は、通関業者の行なう通関手続に関し、特定の検査をさせるときは、当該通関業者又はその従業者の立会いを求めるため、その旨を当該通関業者に通知しなければならないが(業16条)、検査の立会いを求めるための通知は、口頭又は書面のいずれでも差し支えないものとし、また、検査指定票の交付をもってこれに代えることができる(業通16-1(1))。
[参照　第8編（通関業法）-第3章（通関業者の義務、権利）-2.通関業者の権利-（2）検査の通知を受ける権利]"
通関業者、通関士等の義務,54-17-1,A,通関業者は、その名義を他人に通関業のため使用させてはならないこととされており、この「その名義を他人に通関業のため使用させ」とは、例えば、他人に自己の名義の印章を使用させ、自己の名義で通関業務を行わせるような場合をいう。,○×,○,"通関業者は、その名義を他人に通関業のため使用させてはならない(名義貸しの禁止 業17条)。「その名義を他人に通関業のため使用させ」るとは、例えば、他人に自己の名義の印章を使用させ、自己の名義で通関業務を行わせるような場合である(業通17-1)。
[参照　第8編（通関業法）-第3章（通関業者の義務、権利）-1.通関業者の義務-（4）名義貸しの禁止]"
通関業者、通関士等の義務,54-17-2,A,通関業法第20条の規定に違反して、通関士の信用を害するような行為をした通関士の当該行為については、通関士に対する懲戒処分の対象とされている。,○×,○,"財務大臣は、通関士が通関業法の規定に違反したときは、その通関士に対し懲戒処分を行うことができる(業35条1項)。そうすると、通関業法20条の規定に違反して、通関士の信用を害するような行為をした通関士の当該行為については、通関士に対する懲戒処分の対象とされる。
[参照　第8編（通関業法）-第5章（監督処分、懲戒処分等）-3.通関士に対する懲戒処分-（1）懲戒処分の対象]"
通関業者、通関士等の義務,54-17-3,A,通関士は、その名義を他人に通関業務のため使用させてはならないこととされており、通関士が自ら通関書類の審査を行うことなく他人に自己の記名をさせる場合は、この「その名義を他人に通関業務のため使用させる」ことに該当する。,○×,○,"通関士は、その名義を他人に通関業務のため使用させてはならないとされており(名義貸しの禁止 業33条)、通関士が自ら通関書類の審査を行うことなく他人に自己の記名をさせる場合は、「その名義を他人に通関業務のために使用させる」ことに該当する(業通33-1(1))。
[参照　第8編（通関業法）-第4章（通関士）-2.名義貸しの禁止]"
通関業者、通関士等の義務,54-17-4,A,通関業者(法人である場合には、その役員)及び通関士その他の通関業務の従業者は、正当な理由がなくて、通関業務に関して知り得た秘密を他に漏らし、又は盗用してはならないこととされており、法令に規定する証人、鑑定人等として裁判所において陳述する場合は、この「正当な理由」があるときに該当するが、その他法令に基づく求めに応じて陳述する場合は、この「正当な理由」があるときには該当しない。,○×,×,"通関業者（法人である場合には、その役員）及び通関士その他の通関業務の従業者は、正当な理由がなくて、通関業務に関して知り得た秘密を他に漏らし、又は盗用してはならない(業19条)。法令に規定する証人、鑑定人等として裁判所において陳述する場合の他、その他法令に基づく求めに応じて陳述する場合も、この「正当な理由」があるときに該当する(業通19-1(1))。
[参照　第8編（通関業法）-第3章（通関業者の義務、権利）-1.通関業者の義務-（6）秘密を守る義務]"
通関業者、通関士等の義務,54-17-5,A,通関業者(法人である場合には、その役員)及び通関士その他の通関業務の従業者は、正当な理由がなくて、通関業務に関して知り得た秘密を他に漏らし、又は盗用してはならないこととされており、これらの者がこれらの者でなくなった後も、同様とされている。,○×,○,"通関業者（法人である場合には、その役員）及び通関士その他の通関業務の従業者は、正当な理由がなくて、通関業務に関して知り得た秘密を他に漏らし、又は盗用してはならない。これらの者がこれらの者でなくなった後も、同様である(業19条)。この義務は、通関業者（法人である場合には、その役員）、通関士、その他の通関業務の従業者でなくなった後も、引き続き負うのである。
[参照　第8編（通関業法）-第3章（通関業者の義務、権利）-1.通関業者の義務-（6）秘密を守る義務]"
通関業者、通関士等の義務,54-18-1,A,通関業者は、定期報告書(その取扱いに係る通関業務及び関連業務の件数、これらについて受けた料金の額その他通関業務及び関連業務に係る事項を記載した報告書)を毎年4月30日までに財務大臣に提出しなければならない。,○×,×,"毎年4月30日までではなく、毎年6月30日までである(業22条3項、業令10条1項)。
[参照　第8編（通関業法）-第3章（通関業者の義務、権利）-1.通関業者の義務-（8）記帳、届出、報告等-③報告義務]"
通関業者、通関士等の義務,54-18-2,A,通関業者は、通関士その他の通関業務の従業者の異動を財務大臣に届け出なければならないこととされており、この「通関業務の従業者」とは、通関業者において通関業務に携わるかどうかにかかわらず、当該通関業者に所属している従業者全員をいう。,○×,×,"通関業者は、通関士その他の通関業務の従業者（通関業者が法人である場合には、通関業務を担当する役員及び通関士その他の通関業務の従業者）の異動を財務大臣に届け出なければならない(業22条2項)。この異動の届出における「通関業務の従業者」とは、通関業者において通関業務に携わる従業者全員をいい、当該通関業者に所属しているものの通関業務に関与していない者（例えば経理事務や施設管理のための庶務作業のみを行う者等。）については、含まないとされる(業通22-1(3))。  
[参照　第8編（通関業法）-第3章（通関業者の義務、権利）-1.通関業者の義務-（8）記帳、届出、報告等-②届出義務]"
通関業者、通関士等の義務,54-18-3,A,認定通関業者である通関業者は、通関士その他の通関業務の従業者の異動を財務大臣に届け出ることを要しない。,○×,×,"通関業者は、通関士その他の通関業務の従業者（通関業者が法人である場合には、通関業務を担当する役員及び通関士その他の通関業務の従業者）の異動を財務大臣に届け出なければならない(業22条2項)。認定通関業者だからといってこの義務を免除する規定はない。
[参照　第8編（通関業法）-第3章（通関業者の義務、権利）-1.通関業者の義務-（8）記帳、届出、報告等-②届出義務]"
通関業者、通関士等の義務,54-18-4,A,通関業者は、通関士に異動があった場合には、当該異動の日後30日以内に、その異動の内容を財務大臣に届け出なければならない。,○×,×,"「30日以内」ではなく「その都度」である(業22条2項、業令9条1項)。
[参照　第8編（通関業法）-第3章（通関業者の義務、権利）-1.通関業者の義務-（8）記帳、届出、報告等-②届出義務]"
通関業者、通関士等の義務,54-18-5,A,通関業者が帳簿に記載しなければならない通関業務及び関連業務1件ごとの明細の記載は、当該通関業者が保管する通関業務及び関連業務に関し税関官署又は財務大臣に提出した申告書、申請書、不服申立書その他これらに準ずる書類の写しに所要の事項を追記することによってすることができる。,○×,○,"通関業者が帳簿に記載しなければならない通関業務（関連業務を含む。）1件ごとの明細の記載は、通関業者が保管する通関業務（関連業務を含む。）に関し税関官署又は財務大臣に提出した申告書、申請書、不服申立書その他これらに準ずる書類の写しに所要の事項を追記することによってできる(業令8条4項、8条2項1号、3項)。
[参照　第8編（通関業法）-第3章（通関業者の義務、権利）-1.通関業者の義務-（8）記帳、届出、報告等-①記帳義務、保存義務]"
通関士の確認,54-19-1,A,通関業者は、他の通関業者の通関業務に通関士として従事している者について、通関業法第31条の規定による財務大臣の確認を受け、当該他の通関業者における通関士と併任して、その通関業務に通関士として従事させることができる。,○×,○,"通関業者は、他の通関業者の通関業務に従事する通関士について、当該他の通関業者に係る通関士と併任して、通関士として自己の通関業務に従事させることもできる(業31条1項、業通31-1(4))。
[参照　第8編（通関業法）-第4章（通関士）-1.通関士の確認]"
通関士の確認,54-19-2,A,精神の機能の障害により通関業務を適正に行うに当たって必要な認知、判断及び意思疎通を適切に行うことができない者は、通関士となることができない。,○×,○,"心身の故障により通関業務を適正に行うことができない者は通関業の確認を受けることができないが(業31条2項1号、6条1号)、具体的には、精神の機能の障害により通関業務を適正に行うに当たって必要な認知、判断及び意思疎通を適切に行うことができない者を指す(業規1条の2)。
[参照　第2編（関税法）-第8章（AEO事業者等になるための要件と失効・取消し等）-5.通関士、通関業者-（1）要件]"
通関士の確認,54-19-3,A,通関業者は、通関士試験に合格した者であれば派遣労働者(労働者派遣事業の適正な運営の確保及び派遣労働者の保護等に関する法律第2条第2号に規定する派遣労働者をいう。)であっても、通関業法第31条の規定による財務大臣の確認を受け、通関士という名称を用いてその通関業務に従事させることができる。,○×,○,"派遣労働者も、財務大臣の確認を受け、通関士という名称を用いて通関業者の通関業務に従事できる(業31条、業通31-1(5))。
[参照　第8編（通関業法）-第4章（通関士）-1.通関士の確認]"
通関士の確認,54-19-4,A,通関業者の通関業務に従事する者が、通関士試験に合格したときは、通関業法第31条の規定による財務大臣の確認を受けることなく、通関士という名称を使用することができる。,○×,×,"通関士でない者は、通関士という名称を使用してはならない(業40条2項)。そして、通関士とは、通関士の確認(業31条1項)を受けて通関業者の通関業務に従事する者をいう(業2条4号)。そうすると、財務大臣の確認（通関士の確認）を受けることなく、通関士という名称を使用することはできない。
[参照　第8編（通関業法）-第1章（通関業法の目的と定義）-2.定義-（1）通関業、通関業者、通関士、第8編（通関業法）-第6章（報告の聴取等、名称の使用制限、権限の委任、罰則（通関業法））-2.名称の使用制限]"
通関士の確認,54-19-5,A,通関業法又は関税法その他関税に関する法令の規定に違反して、通関士に対する懲戒処分として通関業務に従事することを禁止された者であって、その処分を受けた日から2年を経過しないものは、通関士となることができない。,○×,○,"通関士に対する懲戒処分(業35条1項)として通関業務に従事することを禁止された者であって、これらの処分を受けた日から2年を経過しないものは、通関士の確認を受けることができないので、通関士となることができない(業31条2項1号、6条8号)。
[参照　第2編（関税法）-第8章（AEO事業者等になるための要件と失効・取消し等）-5.通関士、通関業者-（1）要件]"
通関業者に対する業務改善命令,54-20-1,A,財務大臣は、通関業の適正な遂行のために必要があると認めるときは、その必要の限度において、通関士に対し、その業務の運営の改善に必要な措置をとるべきことを命ずることができる。,○×,×,"業務改善命令は、「通関士に対し」ではなく、「通関業者に対し」行うことができる(業33条の2)。
[参照　第8編（通関業法）-第5章（監督処分、懲戒処分等）-2.通関業者に対する業務改善命令]"
通関士に対する懲戒処分,54-20-2,A,財務大臣は、通関士に対する懲戒処分として、通関士に対し、その者が通関業務に従事することを停止し、又は禁止することができることとされており、この「通関業務に従事することを停止し、又は禁止する」とは、通関士として通関業務に従事することを停止し、又は禁止することをいい、その他の通関業務の従業者として通関業務に従事することを停止し、又は禁止することは含まれない。,○×,×,"通関士に対する懲戒処分(業35条1項)にいう「通関業務に従事することを停止し、又は禁止する」とは、 通関士として通関業務に従事することを停止し、又は禁止することのほか、その他の通関業務の従業者として通関業務に従事することをも停止し、又は禁止することをいう(業通35-1(1))。
[参照　第8編（通関業法）-第5章（監督処分、懲戒処分等）-3.通関士に対する懲戒処分-（2）懲戒処分の種類]"
通関士に対する懲戒処分,54-20-3,A,財務大臣は、通関士が通関業法の規定に違反したときは、通関士に対する懲戒処分として、その通関士に対し、戒告し、2年以内の期間を定めてその者が通関業務に従事することを停止し、又は3年間その者が通関業務に従事することを禁止することができる。,○×,×,"「2年以内」→「1年以内」、「3年間」→「2年間」である(業35条1項)。
[参照　第8編（通関業法）-第5章（監督処分、懲戒処分等）-3.通関士に対する懲戒処分-（2）懲戒処分の種類]"
通関業者に対する監督処分,54-20-4,A,通関業法第22条に規定する通関業者の記帳、届出、報告等に係る義務違反については、通関業者に対する監督処分の対象とされていない。,○×,×,"通関業法の違反はすべて通関業者に対する監督処分の対象とされているので、通関業法22条に規定する通関業者の記帳、届出、報告等に係る義務違反についても監督処分の対象となる(業34条1項1号)。
[参照　第8編（通関業法）-第5章（監督処分、懲戒処分等）-1.通関業者に対する監督処分-（1）監督処分の対象]"
通関業者に対する業務改善命令,54-20-5,B,通関業者に対する監督処分として、通関業者に対し、通関業務の停止を命ずる場合において、当該停止の期間が終了した後の当該通関業者につき通関業の適正な執行のために必要があると認めるときは、当該通関業者に対し、業務改善命令を併せて発することとされている。,○×,○,"通関業者に対する監督処分として業務停止を命ずる場合であって、停止期間終了後の通関業者につき通関業の適正な執行のために必要があると認めるときは、業務改善命令を併せて発することとされている(業通34-7)。
[参照　第8編（通関業法）-第5章（監督処分、懲戒処分等）-2.通関業者に対する業務改善命令]"